{
  "project_info": {
    "project_number": "1070272276633",
    "firebase_url": "https://cse476-project2-2222.firebaseio.com",
    "project_id": "cse476-project2-2222",
    "storage_bucket": "cse476-project2-2222.appspot.com"
  },
  "client": [
    {
      "client_info": {
        "mobilesdk_app_id": "1:1070272276633:android:45548daee6a4a9ccb9b008",
        "android_client_info": {
          "package_name": "edu.msu.hagopi10.project1"
        }
      },
      "oauth_client": [
        {
          "client_id": "1070272276633-fj8bqp1rb6konqsc84tom58k7qpb9o9f.apps.googleusercontent.com",
          "client_type": 3
        }
      ],
      "api_key": [
        {
          "current_key": "AIzaSyAP2OoCoFlnMwaqU5UOFTYCIDYozl2cZ3A"
        }
      ],
      "services": {
        "appinvite_service": {
          "other_platform_oauth_client": [
            {
              "client_id": "1070272276633-fj8bqp1rb6konqsc84tom58k7qpb9o9f.apps.googleusercontent.com",
              "client_type": 3
            }
          ]
        }
      }
    }
  ],
  "configuration_version": "1"
}